Date,TimeOfDay,AppCategory,DailyUsage,SessionUsage,,daily usage: cumulative of session usage
10/ 19/2025,0,socia,0,0,,session usage: session time
10/19/2025,1,socia,0,0,,
10/19/2025,2,socia,0,0,,
10/19/2025,3,socia,36,36,,
10/19/2025,4,socia,44,8,,
10/19/2025,5,socia,44,0,,
10/19/2025,6,socia,44,0,,
10/19/2025,7,socia,44,0,,
10/19/2025,8,socia,44,0,,
10/19/2025,9,socia,44,0,,
10/19/2025,10,socia,44,0,,
10/19/2025,11,socia,44,0,,
10/19/2025,12,socia,45,1,,
10/19/2025,13,socia,46,1,,
10/19/2025,14,socia,47,1,,
10/19/2025,15,socia,48,1,,
10/19/2025,16,socia,49,1,,
10/19/2025,17,socia,50,1,,
10/19/2025,18,socia,89,39,,
10/19/2025,19,socia,149,60,,
10/19/2025,20,socia,209,60,,
10/19/2025,21,socia,269,60,,
10/19/2025,22,socia,329,60,,
10/19/2025,23,socia,389,60,,
10/19/2025,0,entertainment,1,1,,
10/19/2025,1,entertainment,1,0,,
10/19/2025,2,entertainment,1,0,,
10/19/2025,3,entertainment,1,0,,
10/19/2025,4,entertainment,1,0,,
10/19/2025,5,entertainment,1,0,,
10/19/2025,6,entertainment,1,0,,
10/19/2025,7,entertainment,1,0,,
10/19/2025,8,entertainment,1,0,,
10/19/2025,9,entertainment,1,0,,
10/19/2025,10,entertainment,37,36,,
10/19/2025,11,entertainment,45,8,,
10/19/2025,12,entertainment,45,0,,
10/19/2025,13,entertainment,46,1,,
10/19/2025,14,entertainment,47,1,,
10/19/2025,15,entertainment,53,6,,
10/19/2025,16,entertainment,56,3,,
10/19/2025,17,entertainment,56,0,,
10/19/2025,18,entertainment,56,0,,
10/19/2025,19,entertainment,56,0,,
10/19/2025,20,entertainment,56,0,,
10/19/2025,21,entertainment,56,0,,
10/19/2025,22,entertainment,56,0,,
10/19/2025,23,entertainment,56,0,,
10/19/2025,0,others,0,0,,
10/19/2025,1,others,0,0,,
10/19/2025,2,others,0,0,,
10/19/2025,3,others,0,0,,
10/19/2025,4,others,0,0,,
10/19/2025,5,others,0,0,,
10/19/2025,6,others,0,0,,
10/19/2025,7,others,0,0,,
10/19/2025,8,others,0,0,,
10/19/2025,9,others,0,0,,
10/19/2025,10,others,0,0,,
10/19/2025,11,others,0,0,,
10/19/2025,12,others,0,0,,
10/19/2025,13,others,1,1,,
10/19/2025,14,others,1,0,,
10/19/2025,15,others,1,0,,
10/19/2025,16,others,1,0,,
10/19/2025,17,others,1,0,,
10/19/2025,18,others,2,1,,
10/19/2025,19,others,2,0,,
10/19/2025,20,others,15,13,,
10/19/2025,21,others,15,0,,
10/19/2025,22,others,15,0,,
10/19/2025,23,others,15,0,,
10/20/2025,0,social,42,42,,
10/20/2025,1,social,42,0,,
10/20/2025,2,social,55,13,,
10/20/2025,3,social,55,0,,
10/20/2025,4,social,56,1,,
10/20/2025,5,social,56,0,,
10/20/2025,6,social,57,1,,
10/20/2025,7,social,58,1,,
10/20/2025,8,social,59,1,,
10/20/2025,9,social,61,2,,
10/20/2025,10,social,62,1,,
10/20/2025,11,social,72,0,,
10/20/2025,12,social,83,10,,
10/20/2025,13,social,91,11,,
10/20/2025,14,social,98,8,,
10/20/2025,15,social,125,7,,
10/20/2025,16,social,140,27,,
10/20/2025,17,social,178,15,,
10/20/2025,18,social,216,38,,
10/20/2025,19,social,249,38,,
10/20/2025,20,social,267,33,,
10/20/2025,21,social,276,18,,
10/20/2025,22,social,290,9,,
10/20/2025,23,social,308,14,,
10/20/2025,0,entertainment,18,18,,
10/20/2025,1,entertainment,18,0,,
10/20/2025,2,entertainment,48,30,,
10/20/2025,3,entertainment,55,7,,
10/20/2025,4,entertainment,72,17,,
10/20/2025,5,entertainment,72,0,,
10/20/2025,6,entertainment,72,0,,
10/20/2025,7,entertainment,72,0,,
10/20/2025,8,entertainment,72,0,,
10/20/2025,9,entertainment,95,23,,
10/20/2025,10,entertainment,98,3,,
10/20/2025,11,entertainment,99,1,,
10/20/2025,12,entertainment,105,6,,
10/20/2025,13,entertainment,105,0,,
10/20/2025,14,entertainment,106,1,,
10/20/2025,15,entertainment,112,6,,
10/20/2025,16,entertainment,112,0,,
10/20/2025,17,entertainment,118,6,,
10/20/2025,18,entertainment,118,0,,
10/20/2025,19,entertainment,118,0,,
10/20/2025,20,entertainment,118,0,,
10/20/2025,21,entertainment,123,5,,
10/20/2025,22,entertainment,153,30,,
10/20/2025,23,entertainment,153,0,,
10/20/2025,0,others,0,0,,
10/20/2025,1,others,0,0,,
10/20/2025,2,others,0,0,,
10/20/2025,3,others,0,0,,
10/20/2025,4,others,0,0,,
10/20/2025,5,others,0,0,,
10/20/2025,6,others,5,5,,
10/20/2025,7,others,62,57,,
10/20/2025,8,others,73,11,,
10/20/2025,9,others,73,0,,
10/20/2025,10,others,73,0,,
10/20/2025,11,others,73,0,,
10/20/2025,12,others,73,0,,
10/20/2025,13,others,73,0,,
10/20/2025,14,others,73,0,,
10/20/2025,15,others,73,0,,
10/20/2025,16,others,73,0,,
10/20/2025,17,others,73,0,,
10/20/2025,18,others,73,0,,
10/20/2025,19,others,73,0,,
10/20/2025,20,others,73,0,,
10/20/2025,21,others,73,0,,
10/20/2025,22,others,73,0,,
10/20/2025,23,others,73,0,,
10/21/2025,0,social,24,24,,
10/21/2025,1,social,25,1,,
10/21/2025,2,social,26,1,,
10/21/2025,3,social,27,1,,
10/21/2025,4,social,27,0,,
10/21/2025,5,social,27,0,,
10/21/2025,6,social,27,0,,
10/21/2025,7,social,27,0,,
10/21/2025,8,social,27,0,,
10/21/2025,9,social,27,0,,
10/21/2025,10,social,27,0,,
10/21/2025,11,social,75,48,,
10/21/2025,12,social,114,39,,
10/21/2025,13,social,152,38,,
10/21/2025,14,social,157,5,,
10/21/2025,15,social,158,1,,
10/21/2025,16,social,199,41,,
10/21/2025,17,social,248,49,,
10/21/2025,18,social,288,40,,
10/21/2025,19,social,330,42,,
10/21/2025,20,social,331,1,,
10/21/2025,21,social,331,0,,
10/21/2025,22,social,331,0,,
10/21/2025,23,social,331,0,,
10/21/2025,0,others,0,0,,
10/21/2025,1,others,0,0,,
10/21/2025,2,others,0,0,,
10/21/2025,3,others,0,0,,
10/21/2025,4,others,0,0,,
10/21/2025,5,others,0,0,,
10/21/2025,6,others,0,0,,
10/21/2025,7,others,0,0,,
10/21/2025,8,others,0,0,,
10/21/2025,9,others,9,9,,
10/21/2025,10,others,35,26,,
10/21/2025,11,others,46,11,,
10/21/2025,12,others,46,0,,
10/21/2025,13,others,46,0,,
10/21/2025,14,others,46,0,,
10/21/2025,15,others,46,0,,
10/21/2025,16,others,46,0,,
10/21/2025,17,others,46,0,,
10/21/2025,18,others,46,0,,
10/21/2025,19,others,46,0,,
10/21/2025,20,others,46,0,,
10/21/2025,21,others,46,0,,
10/21/2025,22,others,46,0,,
10/21/2025,23,others,46,0,,
10/21/2025,0,entertainment,11,11,,
10/21/2025,1,entertainment,11,0,,
10/21/2025,2,entertainment,11,0,,
10/21/2025,3,entertainment,11,0,,
10/21/2025,4,entertainment,11,0,,
10/21/2025,5,entertainment,11,0,,
10/21/2025,6,entertainment,11,0,,
10/21/2025,7,entertainment,11,0,,
10/21/2025,8,entertainment,11,0,,
10/21/2025,9,entertainment,11,0,,
10/21/2025,10,entertainment,12,1,,
10/21/2025,11,entertainment,12,0,,
10/21/2025,12,entertainment,22,10,,
10/21/2025,13,entertainment,26,4,,
10/21/2025,14,entertainment,26,0,,
10/21/2025,15,entertainment,26,0,,
10/21/2025,16,entertainment,26,0,,
10/21/2025,17,entertainment,26,0,,
10/21/2025,18,entertainment,26,0,,
10/21/2025,19,entertainment,26,0,,
10/21/2025,20,entertainment,26,0,,
10/21/2025,21,entertainment,26,0,,
10/21/2025,22,entertainment,26,0,,
10/21/2025,23,entertainment,26,0,,
10/22/2025,0,social,36,36,,
10/22/2025,1,social,72,36,,
10/22/2025,2,social,115,43,,
10/22/2025,3,social,175,60,,
10/22/2025,4,social,235,60,,
10/22/2025,5,social,283,48,,
10/22/2025,6,social,283,0,,
10/22/2025,7,social,283,0,,
10/22/2025,8,social,283,0,,
10/22/2025,9,social,283,0,,
10/22/2025,10,social,283,0,,
10/22/2025,11,social,301,18,,
10/22/2025,12,social,304,3,,
10/22/2025,13,social,305,1,,
10/22/2025,14,social,320,15,,
10/22/2025,15,social,321,1,,
10/22/2025,16,social,352,31,,
10/22/2025,17,social,380,28,,
10/22/2025,18,social,418,38,,
10/22/2025,19,social,428,10,,
10/22/2025,20,social,429,1,,
10/22/2025,21,social,434,5,,
10/22/2025,22,social,436,2,,
10/22/2025,23,social,437,1,,
10/22/2025,0,entertainment,14,14,,
10/22/2025,1,entertainment,28,14,,
10/22/2025,2,entertainment,42,14,,
10/22/2025,3,entertainment,42,0,,
10/22/2025,4,entertainment,42,0,,
10/22/2025,5,entertainment,54,12,,
10/22/2025,6,entertainment,54,0,,
10/22/2025,7,entertainment,54,0,,
10/22/2025,8,entertainment,54,0,,
10/22/2025,9,entertainment,54,0,,
10/22/2025,10,entertainment,54,0,,
10/22/2025,11,entertainment,69,15,,
10/22/2025,12,entertainment,110,41,,
10/22/2025,13,entertainment,111,1,,
10/22/2025,14,entertainment,111,0,,
10/22/2025,15,entertainment,128,17,,
10/22/2025,16,entertainment,135,7,,
10/22/2025,17,entertainment,156,21,,
10/22/2025,18,entertainment,164,8,,
10/22/2025,19,entertainment,166,2,,
10/22/2025,20,entertainment,167,1,,
10/22/2025,21,entertainment,176,9,,
10/22/2025,22,entertainment,189,13,,
10/22/2025,23,entertainment,210,21,,
10/22/2025,0,others,0,0,,
10/22/2025,1,others,0,0,,
10/22/2025,2,others,0,0,,
10/22/2025,3,others,0,0,,
10/22/2025,4,others,0,0,,
10/22/2025,5,others,0,0,,
10/22/2025,6,others,0,0,,
10/22/2025,7,others,0,0,,
10/22/2025,8,others,0,0,,
10/22/2025,9,others,0,0,,
10/22/2025,10,others,0,0,,
10/22/2025,11,others,0,0,,
10/22/2025,12,others,0,0,,
10/22/2025,13,others,0,0,,
10/22/2025,14,others,0,0,,
10/22/2025,15,others,0,0,,
10/22/2025,16,others,0,0,,
10/22/2025,17,others,0,0,,
10/22/2025,18,others,0,0,,
10/22/2025,19,others,0,0,,
10/22/2025,20,others,10,10,,
10/22/2025,21,others,12,2,,
10/22/2025,22,others,12,0,,
10/22/2025,23,others,12,0,,
10/23/2025,0,social,8,8,,
10/23/2025,1,social,8,0,,
10/23/2025,2,social,8,0,,
10/23/2025,3,social,8,0,,
10/23/2025,4,social,8,0,,
10/23/2025,5,social,8,0,,
10/23/2025,6,social,8,0,,
10/23/2025,7,social,8,0,,
10/23/2025,8,social,8,0,,
10/23/2025,9,social,8,0,,
10/23/2025,10,social,51,43,,
10/23/2025,11,social,77,26,,
10/23/2025,12,social,81,4,,
10/23/2025,13,social,87,6,,
10/23/2025,14,social,87,0,,
10/23/2025,15,social,87,0,,
10/23/2025,16,social,87,0,,
10/23/2025,17,social,87,0,,
10/23/2025,18,social,87,0,,
10/23/2025,19,social,87,0,,
10/23/2025,20,social,87,0,,
10/23/2025,21,social,87,0,,
10/23/2025,22,social,87,0,,
10/23/2025,23,social,87,0,,
10/23/2025,0,entertainment,12,12,,
10/23/2025,1,entertainment,45,33,,
10/23/2025,2,entertainment,105,60,,
10/23/2025,3,entertainment,111,6,,
10/23/2025,4,entertainment,111,0,,
10/23/2025,5,entertainment,111,0,,
10/23/2025,6,entertainment,111,0,,
10/23/2025,7,entertainment,111,0,,
10/23/2025,8,entertainment,130,19,,
10/23/2025,9,entertainment,142,12,,
10/23/2025,10,entertainment,152,10,,
10/23/2025,11,entertainment,169,17,,
10/23/2025,12,entertainment,196,27,,
10/23/2025,13,entertainment,196,0,,
10/23/2025,14,entertainment,196,0,,
10/23/2025,15,entertainment,223,27,,
10/23/2025,16,entertainment,223,0,,
10/23/2025,17,entertainment,247,24,,
10/23/2025,18,entertainment,297,50,,
10/23/2025,19,entertainment,344,47,,
10/23/2025,20,entertainment,344,0,,
10/23/2025,21,entertainment,344,0,,
10/23/2025,22,entertainment,349,5,,
10/23/2025,23,entertainment,349,0,,
10/23/2025,0,others,0,0,,
10/23/2025,1,others,0,0,,
10/23/2025,2,others,0,0,,
10/23/2025,3,others,0,0,,
10/23/2025,4,others,0,0,,
10/23/2025,5,others,0,0,,
10/23/2025,6,others,0,0,,
10/23/2025,7,others,0,0,,
10/23/2025,8,others,0,0,,
10/23/2025,9,others,0,0,,
10/23/2025,10,others,0,0,,
10/23/2025,11,others,0,0,,
10/23/2025,12,others,13,13,,
10/23/2025,13,others,14,1,,
10/23/2025,14,others,14,0,,
10/23/2025,15,others,14,0,,
10/23/2025,16,others,14,0,,
10/23/2025,17,others,14,0,,
10/23/2025,18,others,14,0,,
10/23/2025,19,others,14,0,,
10/23/2025,20,others,14,0,,
10/23/2025,21,others,14,0,,
10/23/2025,22,others,14,0,,
10/23/2025,23,others,14,0,,
10/24/2025,0,social,0,0,,
10/24/2025,1,social,0,0,,
10/24/2025,2,social,39,39,,
10/24/2025,3,social,62,23,,
10/24/2025,4,social,62,0,,
10/24/2025,5,social,70,8,,
10/24/2025,6,social,70,0,,
10/24/2025,7,social,70,0,,
10/24/2025,8,social,70,0,,
10/24/2025,9,social,70,0,,
10/24/2025,10,social,70,0,,
10/24/2025,11,social,76,6,,
10/24/2025,12,social,92,16,,
10/24/2025,13,social,110,18,,
10/24/2025,14,social,114,4,,
10/24/2025,15,social,122,8,,
10/24/2025,16,social,127,5,,
10/24/2025,17,social,155,28,,
10/24/2025,18,social,190,35,,
10/24/2025,19,social,221,31,,
10/24/2025,20,social,278,57,,
10/24/2025,21,social,333,9,,
10/24/2025,22,social,334,55,,
10/24/2025,23,social,335,1,,
10/24/2025,0,entertainment,0,0,,
10/24/2025,1,entertainment,0,0,,
10/24/2025,2,entertainment,0,0,,
10/24/2025,3,entertainment,0,0,,
10/24/2025,4,entertainment,0,0,,
10/24/2025,5,entertainment,22,22,,
10/24/2025,6,entertainment,22,0,,
10/24/2025,7,entertainment,22,0,,
10/24/2025,8,entertainment,22,0,,
10/24/2025,9,entertainment,22,0,,
10/24/2025,10,entertainment,22,0,,
10/24/2025,11,entertainment,31,9,,
10/24/2025,12,entertainment,31,0,,
10/24/2025,13,entertainment,36,5,,
10/24/2025,14,entertainment,47,11,,
10/24/2025,15,entertainment,66,19,,
10/24/2025,16,entertainment,70,4,,
10/24/2025,17,entertainment,88,18,,
10/24/2025,18,entertainment,99,11,,
10/24/2025,19,entertainment,99,0,,
10/24/2025,20,entertainment,99,0,,
10/24/2025,21,entertainment,133,34,,
10/24/2025,22,entertainment,138,5,,
10/24/2025,23,entertainment,197,59,,
10/24/2025,0,others,0,0,,
10/24/2025,1,others,1,1,,
10/24/2025,2,others,4,3,,
10/24/2025,3,others,4,0,,
10/24/2025,4,others,4,0,,
10/24/2025,5,others,4,0,,
10/24/2025,6,others,4,0,,
10/24/2025,7,others,4,0,,
10/24/2025,8,others,4,0,,
10/24/2025,9,others,4,0,,
10/24/2025,10,others,4,0,,
10/24/2025,11,others,4,0,,
10/24/2025,12,others,4,0,,
10/24/2025,13,others,4,0,,
10/24/2025,14,others,4,0,,
10/24/2025,15,others,4,0,,
10/24/2025,16,others,4,0,,
10/24/2025,17,others,4,0,,
10/24/2025,18,others,4,0,,
10/24/2025,19,others,4,0,,
10/24/2025,20,others,4,0,,
10/24/2025,21,others,4,0,,
10/24/2025,22,others,4,0,,
10/24/2025,23,others,4,0,,
10/25/2025,0,social,0,0,,
10/25/2025,1,social,0,0,,
10/25/2025,2,social,0,0,,
10/25/2025,3,social,0,0,,
10/25/2025,4,social,0,0,,
10/25/2025,5,social,0,0,,
10/25/2025,6,social,0,0,,
10/25/2025,7,social,0,0,,
10/25/2025,8,social,36,36,,
10/25/2025,9,social,40,4,,
10/25/2025,10,social,41,1,,
10/25/2025,11,social,41,0,,
10/25/2025,12,social,64,23,,
10/25/2025,13,social,104,40,,
10/25/2025,14,social,122,18,,
10/25/2025,15,social,123,1,,
10/25/2025,16,social,123,0,,
10/25/2025,17,social,126,3,,
10/25/2025,18,social,127,1,,
10/25/2025,19,social,128,1,,
10/25/2025,20,social,155,27,,
10/25/2025,21,social,155,0,,
10/25/2025,22,social,155,0,,
10/25/2025,23,social,155,0,,
10/25/2025,0,entertainment,0,0,,
10/25/2025,1,entertainment,0,0,,
10/25/2025,2,entertainment,0,0,,
10/25/2025,3,entertainment,0,0,,
10/25/2025,4,entertainment,0,0,,
10/25/2025,5,entertainment,0,0,,
10/25/2025,6,entertainment,0,0,,
10/25/2025,7,entertainment,0,0,,
10/25/2025,8,entertainment,24,24,,
10/25/2025,9,entertainment,36,12,,
10/25/2025,10,entertainment,71,35,,
10/25/2025,11,entertainment,78,7,,
10/25/2025,12,entertainment,98,20,,
10/25/2025,13,entertainment,109,11,,
10/25/2025,14,entertainment,144,35,,
10/25/2025,15,entertainment,173,29,,
10/25/2025,16,entertainment,186,13,,
10/25/2025,17,entertainment,187,1,,
10/25/2025,18,entertainment,187,0,,
10/25/2025,19,entertainment,200,13,,
10/25/2025,20,entertainment,233,33,,
10/25/2025,21,entertainment,233,0,,
10/25/2025,22,entertainment,237,4,,
10/25/2025,23,entertainment,247,10,,
10/25/2025,0,others,0,0,,
10/25/2025,1,others,0,0,,
10/25/2025,2,others,0,0,,
10/25/2025,3,others,0,0,,
10/25/2025,4,others,0,0,,
10/25/2025,5,others,0,0,,
10/25/2025,6,others,0,0,,
10/25/2025,7,others,0,0,,
10/25/2025,8,others,0,0,,
10/25/2025,9,others,0,0,,
10/25/2025,10,others,0,0,,
10/25/2025,11,others,0,0,,
10/25/2025,12,others,0,0,,
10/25/2025,13,others,0,0,,
10/25/2025,14,others,0,0,,
10/25/2025,15,others,0,0,,
10/25/2025,16,others,0,0,,
10/25/2025,17,others,0,0,,
10/25/2025,18,others,0,0,,
10/25/2025,19,others,0,0,,
10/25/2025,20,others,0,0,,
10/25/2025,21,others,0,0,,
10/25/2025,22,others,0,0,,
10/25/2025,23,others,1,1,,
10/26/2025,0,social,15,15,,
10/26/2025,1,social,27,12,,
10/26/2025,2,social,27,0,,
10/26/2025,3,social,27,0,,
10/26/2025,4,social,27,0,,
10/26/2025,5,social,27,0,,
10/26/2025,6,social,27,0,,
10/26/2025,7,social,27,0,,
10/26/2025,8,social,27,0,,
10/26/2025,9,social,27,0,,
10/26/2025,10,social,27,0,,
10/26/2025,11,social,33,6,,
10/26/2025,12,social,33,0,,
10/26/2025,13,social,33,0,,
10/26/2025,14,social,33,0,,
10/26/2025,15,social,39,6,,
10/26/2025,16,social,39,0,,
10/26/2025,17,social,39,0,,
10/26/2025,18,social,39,0,,
10/26/2025,19,social,39,0,,
10/26/2025,20,social,39,0,,
10/26/2025,21,social,39,0,,
10/26/2025,22,social,39,0,,
10/26/2025,23,social,39,0,,
10/26/2025,0,entertainment,10,10,,
10/26/2025,1,entertainment,10,0,,
10/26/2025,2,entertainment,10,0,,
10/26/2025,3,entertainment,27,17,,
10/26/2025,4,entertainment,27,0,,
10/26/2025,5,entertainment,27,0,,
10/26/2025,6,entertainment,27,0,,
10/26/2025,7,entertainment,27,0,,
10/26/2025,8,entertainment,27,0,,
10/26/2025,9,entertainment,76,49,,
10/26/2025,10,entertainment,89,13,,
10/26/2025,11,entertainment,116,27,,
10/26/2025,12,entertainment,139,23,,
10/26/2025,13,entertainment,181,42,,
10/26/2025,14,entertainment,194,13,,
10/26/2025,15,entertainment,209,15,,
10/26/2025,16,entertainment,231,22,,
10/26/2025,17,entertainment,231,0,,
10/26/2025,18,entertainment,232,1,,
10/26/2025,19,entertainment,249,17,,
10/26/2025,20,entertainment,249,0,,
10/26/2025,21,entertainment,249,0,,
10/26/2025,22,entertainment,249,0,,
10/26/2025,23,entertainment,255,6,,
10/26/2025,0,others,0,0,,
10/26/2025,1,others,0,0,,
10/26/2025,2,others,0,0,,
10/26/2025,3,others,0,0,,
10/26/2025,4,others,0,0,,
10/26/2025,5,others,0,0,,
10/26/2025,6,others,0,0,,
10/26/2025,7,others,0,0,,
10/26/2025,8,others,0,0,,
10/26/2025,9,others,0,0,,
10/26/2025,10,others,0,0,,
10/26/2025,11,others,28,28,,
10/26/2025,12,others,28,0,,
10/26/2025,13,others,28,0,,
10/26/2025,14,others,28,0,,
10/26/2025,15,others,28,0,,
10/26/2025,16,others,28,0,,
10/26/2025,17,others,28,0,,
10/26/2025,18,others,28,0,,
10/26/2025,19,others,28,0,,
10/26/2025,20,others,28,0,,
10/26/2025,21,others,28,0,,
10/26/2025,22,others,28,0,,
10/26/2025,23,others,28,0,,
10/27/2025,0,social,0,0,,
10/27/2025,1,social,0,0,,
10/27/2025,2,social,0,0,,
10/27/2025,3,social,0,0,,
10/27/2025,4,social,0,0,,
10/27/2025,5,social,0,0,,
10/27/2025,6,social,0,0,,
10/27/2025,7,social,13,13,,
10/27/2025,8,social,13,0,,
10/27/2025,9,social,17,4,,
10/27/2025,10,social,25,8,,
10/27/2025,11,social,25,0,,
10/27/2025,12,social,36,11,,
10/27/2025,13,social,56,20,,
10/27/2025,14,social,79,23,,
10/27/2025,15,social,93,14,,
10/27/2025,16,social,114,21,,
10/27/2025,17,social,123,9,,
10/27/2025,18,social,132,9,,
10/27/2025,19,social,134,2,,
10/27/2025,20,social,139,5,,
10/27/2025,21,social,139,0,,
10/27/2025,22,social,146,7,,
10/27/2025,23,social,174,28,,
10/27/2025,0,entertainment,0,0,,
10/27/2025,1,entertainment,0,0,,
10/27/2025,2,entertainment,0,0,,
10/27/2025,3,entertainment,0,0,,
10/27/2025,4,entertainment,0,0,,
10/27/2025,5,entertainment,0,0,,
10/27/2025,6,entertainment,0,0,,
10/27/2025,7,entertainment,7,7,,
10/27/2025,8,entertainment,17,10,,
10/27/2025,9,entertainment,18,1,,
10/27/2025,10,entertainment,18,0,,
10/27/2025,11,entertainment,18,0,,
10/27/2025,12,entertainment,18,0,,
10/27/2025,13,entertainment,23,5,,
10/27/2025,14,entertainment,49,26,,
10/27/2025,15,entertainment,50,1,,
10/27/2025,16,entertainment,50,0,,
10/27/2025,17,entertainment,53,3,,
10/27/2025,18,entertainment,63,10,,
10/27/2025,19,entertainment,68,5,,
10/27/2025,20,entertainment,88,20,,
10/27/2025,21,entertainment,105,17,,
10/27/2025,22,entertainment,105,0,,
10/27/2025,23,entertainment,105,0,,
10/27/2025,0,others,0,0,,
10/27/2025,1,others,0,0,,
10/27/2025,2,others,0,0,,
10/27/2025,3,others,0,0,,
10/27/2025,4,others,0,0,,
10/27/2025,5,others,0,0,,
10/27/2025,6,others,0,0,,
10/27/2025,7,others,0,0,,
10/27/2025,8,others,30,30,,
10/27/2025,9,others,30,0,,
10/27/2025,10,others,30,0,,
10/27/2025,11,others,30,0,,
10/27/2025,12,others,30,0,,
10/27/2025,13,others,30,0,,
10/27/2025,14,others,30,0,,
10/27/2025,15,others,30,0,,
10/27/2025,16,others,30,0,,
10/27/2025,17,others,30,0,,
10/27/2025,18,others,30,0,,
10/27/2025,19,others,30,0,,
10/27/2025,20,others,30,0,,
10/27/2025,21,others,30,0,,
10/27/2025,22,others,30,0,,
10/27/2025,23,others,30,0,,
10/28/2025,0,social,60,60,,
10/28/2025,1,social,60,0,,
10/28/2025,2,social,60,0,,
10/28/2025,3,social,60,0,,
10/28/2025,4,social,60,0,,
10/28/2025,5,social,60,0,,
10/28/2025,6,social,60,0,,
10/28/2025,7,social,67,7,,
10/28/2025,8,social,67,0,,
10/28/2025,9,social,67,0,,
10/28/2025,10,social,75,8,,
10/28/2025,11,social,81,6,,
10/28/2025,12,social,84,3,,
10/28/2025,13,social,93,9,,
10/28/2025,14,social,93,0,,
10/28/2025,15,social,93,0,,
10/28/2025,16,social,93,0,,
10/28/2025,17,social,99,6,,
10/28/2025,18,social,108,9,,
10/28/2025,19,social,108,0,,
10/28/2025,20,social,108,0,,
10/28/2025,21,social,116,8,,
10/28/2025,22,social,141,25,,
10/28/2025,23,social,148,7,,
10/28/2025,0,entertainment,0,0,,
10/28/2025,1,entertainment,9,9,,
10/28/2025,2,entertainment,9,0,,
10/28/2025,3,entertainment,9,0,,
10/28/2025,4,entertainment,9,0,,
10/28/2025,5,entertainment,9,0,,
10/28/2025,6,entertainment,21,12,,
10/28/2025,7,entertainment,33,12,,
10/28/2025,8,entertainment,33,0,,
10/28/2025,9,entertainment,61,28,,
10/28/2025,10,entertainment,97,36,,
10/28/2025,11,entertainment,100,3,,
10/28/2025,12,entertainment,135,35,,
10/28/2025,13,entertainment,138,3,,
10/28/2025,14,entertainment,161,23,,
10/28/2025,15,entertainment,164,3,,
10/28/2025,16,entertainment,164,0,,
10/28/2025,17,entertainment,171,7,,
10/28/2025,18,entertainment,171,0,,
10/28/2025,19,entertainment,173,2,,
10/28/2025,20,entertainment,173,0,,
10/28/2025,21,entertainment,173,0,,
10/28/2025,22,entertainment,189,16,,
10/28/2025,23,entertainment,201,12,,
10/28/2025,0,others,0,0,,
10/28/2025,1,others,0,0,,
10/28/2025,2,others,0,0,,
10/28/2025,3,others,0,0,,
10/28/2025,4,others,0,0,,
10/28/2025,5,others,0,0,,
10/28/2025,6,others,0,0,,
10/28/2025,7,others,0,0,,
10/28/2025,8,others,0,0,,
10/28/2025,9,others,0,0,,
10/28/2025,10,others,0,0,,
10/28/2025,11,others,0,0,,
10/28/2025,12,others,0,0,,
10/28/2025,13,others,0,0,,
10/28/2025,14,others,0,0,,
10/28/2025,15,others,0,0,,
10/28/2025,16,others,0,0,,
10/28/2025,17,others,0,0,,
10/28/2025,18,others,0,0,,
10/28/2025,19,others,0,0,,
10/28/2025,20,others,0,0,,
10/28/2025,21,others,12,12,,
10/28/2025,22,others,12,0,,
10/28/2025,23,others,12,0,,
10/29/2025,0,social,0,0,,
10/29/2025,1,social,0,0,,
10/29/2025,2,social,0,0,,
10/29/2025,3,social,0,0,,
10/29/2025,4,social,0,0,,
10/29/2025,5,social,0,0,,
10/29/2025,6,social,0,0,,
10/29/2025,7,social,0,0,,
10/29/2025,8,social,37,37,,
10/29/2025,9,social,37,0,,
10/29/2025,10,social,37,0,,
10/29/2025,11,social,53,16,,
10/29/2025,12,social,53,0,,
10/29/2025,13,social,62,9,,
10/29/2025,14,social,62,0,,
10/29/2025,15,social,62,0,,
10/29/2025,16,social,62,0,,
10/29/2025,17,social,71,9,,
10/29/2025,18,social,72,1,,
10/29/2025,19,social,72,0,,
10/29/2025,20,social,75,3,,
10/29/2025,21,social,118,43,,
10/29/2025,22,social,141,23,,
10/29/2025,23,social,141,0,,
10/29/2025,0,entertainment,0,0,,
10/29/2025,1,entertainment,0,0,,
10/29/2025,2,entertainment,0,0,,
10/29/2025,3,entertainment,0,0,,
10/29/2025,4,entertainment,0,0,,
10/29/2025,5,entertainment,0,0,,
10/29/2025,6,entertainment,0,0,,
10/29/2025,7,entertainment,0,0,,
10/29/2025,8,entertainment,8,8,,
10/29/2025,9,entertainment,44,36,,
10/29/2025,10,entertainment,53,9,,
10/29/2025,11,entertainment,62,9,,
10/29/2025,12,entertainment,62,0,,
10/29/2025,13,entertainment,68,6,,
10/29/2025,14,entertainment,76,8,,
10/29/2025,15,entertainment,77,1,,
10/29/2025,16,entertainment,77,0,,
10/29/2025,17,entertainment,90,13,,
10/29/2025,18,entertainment,100,10,,
10/29/2025,19,entertainment,102,2,,
10/29/2025,20,entertainment,132,30,,
10/29/2025,21,entertainment,132,0,,
10/29/2025,22,entertainment,155,23,,
10/29/2025,23,entertainment,155,0,,
10/29/2025,0,others,0,0,,
10/29/2025,1,others,0,0,,
10/29/2025,2,others,0,0,,
10/29/2025,3,others,0,0,,
10/29/2025,4,others,0,0,,
10/29/2025,5,others,0,0,,
10/29/2025,6,others,7,7,,
10/29/2025,7,others,7,0,,
10/29/2025,8,others,7,0,,
10/29/2025,9,others,7,0,,
10/29/2025,10,others,7,0,,
10/29/2025,11,others,7,0,,
10/29/2025,12,others,7,0,,
10/29/2025,13,others,7,0,,
10/29/2025,14,others,7,0,,
10/29/2025,15,others,7,0,,
10/29/2025,16,others,7,0,,
10/29/2025,17,others,7,0,,
10/29/2025,18,others,7,0,,
10/29/2025,19,others,7,0,,
10/29/2025,20,others,7,0,,
10/29/2025,21,others,7,0,,
10/29/2025,22,others,7,0,,
10/29/2025,23,others,7,0,,
10/30/2025,0,social,0,0,,
10/30/2025,1,social,0,0,,
10/30/2025,2,social,0,0,,
10/30/2025,3,social,0,0,,
10/30/2025,4,social,0,0,,
10/30/2025,5,social,22,22,,
10/30/2025,6,social,33,11,,
10/30/2025,7,social,33,0,,
10/30/2025,8,social,34,1,,
10/30/2025,9,social,42,8,,
10/30/2025,10,social,49,7,,
10/30/2025,11,social,62,13,,
10/30/2025,12,social,62,0,,
10/30/2025,13,social,62,0,,
10/30/2025,14,social,62,0,,
10/30/2025,15,social,62,0,,
10/30/2025,16,social,62,0,,
10/30/2025,17,social,62,0,,
10/30/2025,18,social,62,0,,
10/30/2025,19,social,62,0,,
10/30/2025,20,social,62,0,,
10/30/2025,21,social,65,3,,
10/30/2025,22,social,66,1,,
10/30/2025,23,social,70,4,,
10/30/2025,0,entertainment,0,0,,
10/30/2025,1,entertainment,0,0,,
10/30/2025,2,entertainment,0,0,,
10/30/2025,3,entertainment,0,0,,
10/30/2025,4,entertainment,0,0,,
10/30/2025,5,entertainment,1,1,,
10/30/2025,6,entertainment,30,29,,
10/30/2025,7,entertainment,30,0,,
10/30/2025,8,entertainment,30,0,,
10/30/2025,9,entertainment,51,21,,
10/30/2025,10,entertainment,80,29,,
10/30/2025,11,entertainment,80,0,,
10/30/2025,12,entertainment,101,21,,
10/30/2025,13,entertainment,124,23,,
10/30/2025,14,entertainment,130,6,,
10/30/2025,15,entertainment,140,10,,
10/30/2025,16,entertainment,177,37,,
10/30/2025,17,entertainment,186,9,,
10/30/2025,18,entertainment,186,0,,
10/30/2025,19,entertainment,186,0,,
10/30/2025,20,entertainment,196,10,,
10/30/2025,21,entertainment,229,33,,
10/30/2025,22,entertainment,231,2,,
10/30/2025,23,entertainment,233,2,,
10/30/2025,0,others,0,0,,
10/30/2025,1,others,0,0,,
10/30/2025,2,others,0,0,,
10/30/2025,3,others,0,0,,
10/30/2025,4,others,0,0,,
10/30/2025,5,others,0,0,,
10/30/2025,6,others,0,0,,
10/30/2025,7,others,0,0,,
10/30/2025,8,others,0,0,,
10/30/2025,9,others,0,0,,
10/30/2025,10,others,0,0,,
10/30/2025,11,others,0,0,,
10/30/2025,12,others,0,0,,
10/30/2025,13,others,0,0,,
10/30/2025,14,others,0,0,,
10/30/2025,15,others,0,0,,
10/30/2025,16,others,3,3,,
10/30/2025,17,others,3,0,,
10/30/2025,18,others,3,0,,
10/30/2025,19,others,3,0,,
10/30/2025,20,others,3,0,,
10/30/2025,21,others,3,0,,
10/30/2025,22,others,3,0,,
10/30/2025,23,others,9,6,,
10/31/2025,0,social,6,6,,
10/31/2025,1,social,6,0,,
10/31/2025,2,social,6,0,,
10/31/2025,3,social,6,0,,
10/31/2025,4,social,6,0,,
10/31/2025,5,social,6,0,,
10/31/2025,6,social,6,0,,
10/31/2025,7,social,6,0,,
10/31/2025,8,social,13,7,,
10/31/2025,9,social,13,0,,
10/31/2025,10,social,13,0,,
10/31/2025,11,social,27,14,,
10/31/2025,12,social,32,5,,
10/31/2025,13,social,34,2,,
10/31/2025,14,social,38,4,,
10/31/2025,15,social,38,0,,
10/31/2025,16,social,44,6,,
10/31/2025,17,social,44,0,,
10/31/2025,18,social,44,0,,
10/31/2025,19,social,47,3,,
10/31/2025,20,social,48,1,,
10/31/2025,21,social,48,0,,
10/31/2025,22,social,60,12,,
10/31/2025,23,social,103,43,,
10/31/2025,0,entertainment,6,6,,
10/31/2025,1,entertainment,6,0,,
10/31/2025,2,entertainment,14,8,,
10/31/2025,3,entertainment,14,0,,
10/31/2025,4,entertainment,14,0,,
10/31/2025,5,entertainment,14,0,,
10/31/2025,6,entertainment,14,0,,
10/31/2025,7,entertainment,20,6,,
10/31/2025,8,entertainment,36,16,,
10/31/2025,9,entertainment,36,0,,
10/31/2025,10,entertainment,41,5,,
10/31/2025,11,entertainment,48,7,,
10/31/2025,12,entertainment,51,3,,
10/31/2025,13,entertainment,92,41,,
10/31/2025,14,entertainment,111,19,,
10/31/2025,15,entertainment,111,0,,
10/31/2025,16,entertainment,120,9,,
10/31/2025,17,entertainment,127,7,,
10/31/2025,18,entertainment,137,10,,
10/31/2025,19,entertainment,143,6,,
10/31/2025,20,entertainment,146,3,,
10/31/2025,21,entertainment,152,6,,
10/31/2025,22,entertainment,164,12,,
10/31/2025,23,entertainment,181,17,,
10/31/2025,0,others,0,0,,
10/31/2025,1,others,0,0,,
10/31/2025,2,others,0,0,,
10/31/2025,3,others,0,0,,
10/31/2025,4,others,0,0,,
10/31/2025,5,others,0,0,,
10/31/2025,6,others,0,0,,
10/31/2025,7,others,0,0,,
10/31/2025,8,others,0,0,,
10/31/2025,9,others,0,0,,
10/31/2025,10,others,0,0,,
10/31/2025,11,others,0,0,,
10/31/2025,12,others,0,0,,
10/31/2025,13,others,0,0,,
10/31/2025,14,others,0,0,,
10/31/2025,15,others,0,0,,
10/31/2025,16,others,0,0,,
10/31/2025,17,others,0,0,,
10/31/2025,18,others,0,0,,
10/31/2025,19,others,0,0,,
10/31/2025,20,others,0,0,,
10/31/2025,21,others,0,0,,
10/31/2025,22,others,0,0,,
10/31/2025,23,others,0,0,,
11/1/2025,0,social,25,25,,
11/1/2025,1,social,25,0,,
11/1/2025,2,social,25,0,,
11/1/2025,3,social,25,0,,
11/1/2025,4,social,25,0,,
11/1/2025,5,social,25,0,,
11/1/2025,6,social,25,0,,
11/1/2025,7,social,44,19,,
11/1/2025,8,social,73,29,,
11/1/2025,9,social,83,10,,
11/1/2025,10,social,98,15,,
11/1/2025,11,social,108,10,,
11/1/2025,12,social,115,7,,
11/1/2025,13,social,135,20,,
11/1/2025,14,social,151,16,,
11/1/2025,15,social,151,0,,
11/1/2025,16,social,151,0,,
11/1/2025,17,social,163,12,,
11/1/2025,18,social,182,19,,
11/1/2025,19,social,197,15,,
11/1/2025,20,social,205,8,,
11/1/2025,21,social,213,8,,
11/1/2025,22,social,213,0,,
11/1/2025,23,social,230,17,,
11/1/2025,0,entertainment,25,25,,
11/1/2025,1,entertainment,25,0,,
11/1/2025,2,entertainment,25,0,,
11/1/2025,3,entertainment,25,0,,
11/1/2025,4,entertainment,25,0,,
11/1/2025,5,entertainment,25,0,,
11/1/2025,6,entertainment,25,0,,
11/1/2025,7,entertainment,44,19,,
11/1/2025,8,entertainment,73,29,,
11/1/2025,9,entertainment,83,10,,
11/1/2025,10,entertainment,98,15,,
11/1/2025,11,entertainment,101,3,,
11/1/2025,12,entertainment,111,10,,
11/1/2025,13,entertainment,118,7,,
11/1/2025,14,entertainment,138,20,,
11/1/2025,15,entertainment,154,16,,
11/1/2025,16,entertainment,154,0,,
11/1/2025,17,entertainment,166,12,,
11/1/2025,18,entertainment,185,19,,
11/1/2025,19,entertainment,200,15,,
11/1/2025,20,entertainment,208,8,,
11/1/2025,21,entertainment,216,8,,
11/1/2025,22,entertainment,216,0,,
11/1/2025,23,entertainment,233,17,,
11/1/2025,0,others,0,0,,
11/1/2025,1,others,0,0,,
11/1/2025,2,others,0,0,,
11/1/2025,3,others,0,0,,
11/1/2025,4,others,0,0,,
11/1/2025,5,others,0,0,,
11/1/2025,6,others,0,0,,
11/1/2025,7,others,0,0,,
11/1/2025,8,others,0,0,,
11/1/2025,9,others,0,0,,
11/1/2025,10,others,0,0,,
11/1/2025,11,others,3,3,,
11/1/2025,12,others,3,0,,
11/1/2025,13,others,3,0,,
11/1/2025,14,others,3,0,,
11/1/2025,15,others,3,0,,
11/1/2025,16,others,3,0,,
11/1/2025,17,others,3,0,,
11/1/2025,18,others,3,0,,
11/1/2025,19,others,3,0,,
11/1/2025,20,others,3,0,,
11/1/2025,21,others,3,0,,
11/1/2025,22,others,3,0,,
11/1/2025,23,others,3,0,,
11/2/2025,0,social,0,0,,
11/2/2025,1,social,0,0,,
11/2/2025,2,social,0,0,,
11/2/2025,3,social,0,0,,
11/2/2025,4,social,0,0,,
11/2/2025,5,social,0,0,,
11/2/2025,6,social,0,0,,
11/2/2025,7,social,0,0,,
11/2/2025,8,social,0,0,,
11/2/2025,9,social,7,7,,
11/2/2025,10,social,7,0,,
11/2/2025,11,social,7,0,,
11/2/2025,12,social,7,0,,
11/2/2025,13,social,7,0,,
11/2/2025,14,social,7,0,,
11/2/2025,15,social,12,5,,
11/2/2025,16,social,13,1,,
11/2/2025,17,social,13,0,,
11/2/2025,18,social,13,0,,
11/2/2025,19,social,13,0,,
11/2/2025,20,social,13,0,,
11/2/2025,21,social,13,0,,
11/2/2025,22,social,13,0,,
11/2/2025,23,social,13,0,,
11/2/2025,0,entertainment,31,31,,
11/2/2025,1,entertainment,31,0,,
11/2/2025,2,entertainment,31,0,,
11/2/2025,3,entertainment,31,0,,
11/2/2025,4,entertainment,31,0,,
11/2/2025,5,entertainment,31,0,,
11/2/2025,6,entertainment,31,0,,
11/2/2025,7,entertainment,31,0,,
11/2/2025,8,entertainment,31,0,,
11/2/2025,9,entertainment,32,1,,
11/2/2025,10,entertainment,40,8,,
11/2/2025,11,entertainment,57,17,,
11/2/2025,12,entertainment,59,2,,
11/2/2025,13,entertainment,72,13,,
11/2/2025,14,entertainment,127,55,,
11/2/2025,15,entertainment,138,11,,
11/2/2025,16,entertainment,142,4,,
11/2/2025,17,entertainment,152,10,,
11/2/2025,18,entertainment,168,16,,
11/2/2025,19,entertainment,218,50,,
11/2/2025,20,entertainment,278,60,,
11/2/2025,21,entertainment,281,3,,
11/2/2025,22,entertainment,281,0,,
11/2/2025,23,entertainment,281,0,,
11/2/2025,0,others,12,12,,
11/2/2025,1,others,12,0,,
11/2/2025,2,others,12,0,,
11/2/2025,3,others,12,0,,
11/2/2025,4,others,12,0,,
11/2/2025,5,others,12,0,,
11/2/2025,6,others,12,0,,
11/2/2025,7,others,12,0,,
11/2/2025,8,others,12,0,,
11/2/2025,9,others,12,0,,
11/2/2025,10,others,12,0,,
11/2/2025,11,others,12,0,,
11/2/2025,12,others,12,0,,
11/2/2025,13,others,12,0,,
11/2/2025,14,others,17,5,,
11/2/2025,15,others,17,0,,
11/2/2025,16,others,17,0,,
11/2/2025,17,others,17,0,,
11/2/2025,18,others,17,0,,
11/2/2025,19,others,17,0,,
11/2/2025,20,others,17,0,,
11/2/2025,21,others,17,0,,
11/2/2025,22,others,17,0,,
11/2/2025,23,others,17,0,,
11/3/2025,0,social,0,0,,
11/3/2025,1,social,0,0,,
11/3/2025,2,social,0,0,,
11/3/2025,3,social,0,0,,
11/3/2025,4,social,0,0,,
11/3/2025,5,social,0,0,,
11/3/2025,6,social,0,0,,
11/3/2025,7,social,0,0,,
11/3/2025,8,social,0,0,,
11/3/2025,9,social,0,0,,
11/3/2025,10,social,0,0,,
11/3/2025,11,social,0,0,,
11/3/2025,12,social,0,0,,
11/3/2025,13,social,0,0,,
11/3/2025,14,social,0,0,,
11/3/2025,15,social,2,2,,
11/3/2025,16,social,4,2,,
11/3/2025,17,social,4,0,,
11/3/2025,18,social,4,0,,
11/3/2025,19,social,18,14,,
11/3/2025,20,social,67,49,,
11/3/2025,21,social,83,16,,
11/3/2025,22,social,119,36,,
11/3/2025,23,social,119,0,,
11/3/2025,0,entertainment,0,0,,
11/3/2025,1,entertainment,0,0,,
11/3/2025,2,entertainment,0,0,,
11/3/2025,3,entertainment,0,0,,
11/3/2025,4,entertainment,0,0,,
11/3/2025,5,entertainment,0,0,,
11/3/2025,6,entertainment,0,0,,
11/3/2025,7,entertainment,30,30,,
11/3/2025,8,entertainment,32,2,,
11/3/2025,9,entertainment,39,7,,
11/3/2025,10,entertainment,54,15,,
11/3/2025,11,entertainment,55,1,,
11/3/2025,12,entertainment,56,1,,
11/3/2025,13,entertainment,62,6,,
11/3/2025,14,entertainment,62,0,,
11/3/2025,15,entertainment,62,0,,
11/3/2025,16,entertainment,62,0,,
11/3/2025,17,entertainment,62,0,,
11/3/2025,18,entertainment,62,0,,
11/3/2025,19,entertainment,64,2,,
11/3/2025,20,entertainment,67,3,,
11/3/2025,21,entertainment,74,7,,
11/3/2025,22,entertainment,74,0,,
11/3/2025,23,entertainment,74,0,,
11/3/2025,0,others,0,0,,
11/3/2025,1,others,0,0,,
11/3/2025,2,others,0,0,,
11/3/2025,3,others,0,0,,
11/3/2025,4,others,0,0,,
11/3/2025,5,others,0,0,,
11/3/2025,6,others,0,0,,
11/3/2025,7,others,0,0,,
11/3/2025,8,others,0,0,,
11/3/2025,9,others,0,0,,
11/3/2025,10,others,0,0,,
11/3/2025,11,others,8,8,,
11/3/2025,12,others,8,0,,
11/3/2025,13,others,8,0,,
11/3/2025,14,others,8,0,,
11/3/2025,15,others,8,0,,
11/3/2025,16,others,8,0,,
11/3/2025,17,others,8,0,,
11/3/2025,18,others,8,0,,
11/3/2025,19,others,8,0,,
11/3/2025,20,others,8,0,,
11/3/2025,21,others,15,7,,
11/3/2025,22,others,15,0,,
11/3/2025,23,others,15,0,,
11/4/2025,0,social,0,0,,
11/4/2025,1,social,9,9,,
11/4/2025,2,social,9,0,,
11/4/2025,3,social,9,0,,
11/4/2025,4,social,9,0,,
11/4/2025,5,social,9,0,,
11/4/2025,6,social,9,0,,
11/4/2025,7,social,9,0,,
11/4/2025,8,social,9,0,,
11/4/2025,9,social,9,0,,
11/4/2025,10,social,14,5,,
11/4/2025,11,social,14,0,,
11/4/2025,12,social,22,8,,
11/4/2025,13,social,22,0,,
11/4/2025,14,social,31,9,,
11/4/2025,15,social,31,0,,
11/4/2025,16,social,47,16,,
11/4/2025,17,social,62,15,,
11/4/2025,18,social,62,0,,
11/4/2025,19,social,64,2,,
11/4/2025,20,social,69,5,,
11/4/2025,21,social,73,4,,
11/4/2025,22,social,73,0,,
11/4/2025,23,social,73,0,,
11/4/2025,0,entertainment,28,28,,
11/4/2025,1,entertainment,28,0,,
11/4/2025,2,entertainment,28,0,,
11/4/2025,3,entertainment,28,0,,
11/4/2025,4,entertainment,28,0,,
11/4/2025,5,entertainment,28,0,,
11/4/2025,6,entertainment,28,0,,
11/4/2025,7,entertainment,28,0,,
11/4/2025,8,entertainment,28,0,,
11/4/2025,9,entertainment,54,26,,
11/4/2025,10,entertainment,101,47,,
11/4/2025,11,entertainment,112,11,,
11/4/2025,12,entertainment,146,34,,
11/4/2025,13,entertainment,179,33,,
11/4/2025,14,entertainment,185,6,,
11/4/2025,15,entertainment,215,30,,
11/4/2025,16,entertainment,234,19,,
11/4/2025,17,entertainment,245,11,,
11/4/2025,18,entertainment,251,6,,
11/4/2025,19,entertainment,254,3,,
11/4/2025,20,entertainment,254,0,,
11/4/2025,21,entertainment,259,5,,
11/4/2025,22,entertainment,259,0,,
11/4/2025,23,entertainment,259,0,,
11/4/2025,0,others,0,0,,
11/4/2025,1,others,0,0,,
11/4/2025,2,others,0,0,,
11/4/2025,3,others,0,0,,
11/4/2025,4,others,0,0,,
11/4/2025,5,others,0,0,,
11/4/2025,6,others,0,0,,
11/4/2025,7,others,0,0,,
11/4/2025,8,others,0,0,,
11/4/2025,9,others,0,0,,
11/4/2025,10,others,0,0,,
11/4/2025,11,others,0,0,,
11/4/2025,12,others,0,0,,
11/4/2025,13,others,1,1,,
11/4/2025,14,others,3,2,,
11/4/2025,15,others,3,0,,
11/4/2025,16,others,3,0,,
11/4/2025,17,others,3,0,,
11/4/2025,18,others,3,0,,
11/4/2025,19,others,3,0,,
11/4/2025,20,others,3,0,,
11/4/2025,21,others,10,7,,
11/4/2025,22,others,10,0,,
11/4/2025,23,others,10,0,,
11/5/2025,0,social,0,0,,
11/5/2025,1,social,8,8,,
11/5/2025,2,social,8,0,,
11/5/2025,3,social,8,0,,
11/5/2025,4,social,8,0,,
11/5/2025,5,social,8,0,,
11/5/2025,6,social,8,0,,
11/5/2025,7,social,8,0,,
11/5/2025,8,social,8,0,,
11/5/2025,9,social,19,11,,
11/5/2025,10,social,19,0,,
11/5/2025,11,social,29,10,,
11/5/2025,12,social,29,0,,
11/5/2025,13,social,52,23,,
11/5/2025,14,social,52,0,,
11/5/2025,15,social,55,3,,
11/5/2025,16,social,71,16,,
11/5/2025,17,social,71,0,,
11/5/2025,18,social,83,12,,
11/5/2025,19,social,87,4,,
11/5/2025,20,social,87,0,,
11/5/2025,21,social,87,0,,
11/5/2025,22,social,89,2,,
11/5/2025,23,social,89,0,,
11/5/2025,0,entertainment,12,12,,
11/5/2025,1,entertainment,33,21,,
11/5/2025,2,entertainment,33,0,,
11/5/2025,3,entertainment,33,0,,
11/5/2025,4,entertainment,33,0,,
11/5/2025,5,entertainment,33,0,,
11/5/2025,6,entertainment,33,0,,
11/5/2025,7,entertainment,33,0,,
11/5/2025,8,entertainment,34,1,,
11/5/2025,9,entertainment,64,30,,
11/5/2025,10,entertainment,73,9,,
11/5/2025,11,entertainment,82,9,,
11/5/2025,12,entertainment,100,18,,
11/5/2025,13,entertainment,108,8,,
11/5/2025,14,entertainment,121,13,,
11/5/2025,15,entertainment,132,11,,
11/5/2025,16,entertainment,146,14,,
11/5/2025,17,entertainment,146,0,,
11/5/2025,18,entertainment,146,0,,
11/5/2025,19,entertainment,146,0,,
11/5/2025,20,entertainment,161,15,,
11/5/2025,21,entertainment,163,2,,
11/5/2025,22,entertainment,166,3,,
11/5/2025,23,entertainment,168,2,,
11/5/2025,0,others,0,0,,
11/5/2025,1,others,0,0,,
11/5/2025,2,others,0,0,,
11/5/2025,3,others,0,0,,
11/5/2025,4,others,0,0,,
11/5/2025,5,others,0,0,,
11/5/2025,6,others,0,0,,
11/5/2025,7,others,0,0,,
11/5/2025,8,others,0,0,,
11/5/2025,9,others,0,0,,
11/5/2025,10,others,0,0,,
11/5/2025,11,others,21,21,,
11/5/2025,12,others,41,20,,
11/5/2025,13,others,41,0,,
11/5/2025,14,others,41,0,,
11/5/2025,15,others,41,0,,
11/5/2025,16,others,41,0,,
11/5/2025,17,others,41,0,,
11/5/2025,18,others,41,0,,
11/5/2025,19,others,41,0,,
11/5/2025,20,others,41,0,,
11/5/2025,21,others,41,0,,
11/5/2025,22,others,41,0,,
11/5/2025,23,others,41,0,,
11/6/2025,0,social,0,0,,
11/6/2025,1,social,0,0,,
11/6/2025,2,social,0,0,,
11/6/2025,3,social,0,0,,
11/6/2025,4,social,0,0,,
11/6/2025,5,social,5,5,,
11/6/2025,6,social,7,2,,
11/6/2025,7,social,7,0,,
11/6/2025,8,social,7,0,,
11/6/2025,9,social,7,0,,
11/6/2025,10,social,7,0,,
11/6/2025,11,social,11,4,,
11/6/2025,12,social,16,5,,
11/6/2025,13,social,16,0,,
11/6/2025,14,social,16,0,,
11/6/2025,15,social,18,2,,
11/6/2025,16,social,18,0,,
11/6/2025,17,social,18,0,,
11/6/2025,18,social,18,0,,
11/6/2025,19,social,27,9,,
11/6/2025,20,social,27,0,,
11/6/2025,21,social,28,1,,
11/6/2025,22,social,31,3,,
11/6/2025,23,social,40,9,,
11/6/2025,0,entertainment,0,0,,
11/6/2025,1,entertainment,8,8,,
11/6/2025,2,entertainment,15,7,,
11/6/2025,3,entertainment,15,0,,
11/6/2025,4,entertainment,15,0,,
11/6/2025,5,entertainment,15,0,,
11/6/2025,6,entertainment,15,0,,
11/6/2025,7,entertainment,15,0,,
11/6/2025,8,entertainment,15,0,,
11/6/2025,9,entertainment,19,4,,
11/6/2025,10,entertainment,19,0,,
11/6/2025,11,entertainment,40,21,,
11/6/2025,12,entertainment,45,5,,
11/6/2025,13,entertainment,48,3,,
11/6/2025,14,entertainment,57,9,,
11/6/2025,15,entertainment,66,9,,
11/6/2025,16,entertainment,67,1,,
11/6/2025,17,entertainment,83,16,,
11/6/2025,18,entertainment,83,0,,
11/6/2025,19,entertainment,83,0,,
11/6/2025,20,entertainment,83,0,,
11/6/2025,21,entertainment,93,10,,
11/6/2025,22,entertainment,111,18,,
11/6/2025,23,entertainment,111,0,,
11/6/2025,0,others,0,0,,
11/6/2025,1,others,0,0,,
11/6/2025,2,others,0,0,,
11/6/2025,3,others,0,0,,
11/6/2025,4,others,0,0,,
11/6/2025,5,others,0,0,,
11/6/2025,6,others,0,0,,
11/6/2025,7,others,0,0,,
11/6/2025,8,others,0,0,,
11/6/2025,9,others,0,0,,
11/6/2025,10,others,0,0,,
11/6/2025,11,others,0,0,,
11/6/2025,12,others,0,0,,
11/6/2025,13,others,0,0,,
11/6/2025,14,others,0,0,,
11/6/2025,15,others,0,0,,
11/6/2025,16,others,0,0,,
11/6/2025,17,others,0,0,,
11/6/2025,18,others,0,0,,
11/6/2025,19,others,32,32,,
11/6/2025,20,others,92,60,,
11/6/2025,21,others,92,0,,
11/6/2025,22,others,92,0,,
11/6/2025,23,others,92,0,,
11/7/2025,0,social,26,26,,
11/7/2025,1,social,39,13,,
11/7/2025,2,social,43,4,,
11/7/2025,3,social,43,0,,
11/7/2025,4,social,43,0,,
11/7/2025,5,social,43,0,,
11/7/2025,6,social,43,0,,
11/7/2025,7,social,43,0,,
11/7/2025,8,social,43,0,,
11/7/2025,9,social,71,28,,
11/7/2025,10,social,71,0,,
11/7/2025,11,social,80,9,,
11/7/2025,12,social,81,1,,
11/7/2025,13,social,89,8,,
11/7/2025,14,social,89,0,,
11/7/2025,15,social,89,0,,
11/7/2025,16,social,89,0,,
11/7/2025,17,social,103,14,,
11/7/2025,18,social,104,1,,
11/7/2025,19,social,104,0,,
11/7/2025,20,social,104,0,,
11/7/2025,21,social,104,0,,
11/7/2025,22,social,104,0,,
11/7/2025,23,social,104,0,,
11/7/2025,0,entertainment,0,0,,
11/7/2025,1,entertainment,7,7,,
11/7/2025,2,entertainment,14,7,,
11/7/2025,3,entertainment,27,13,,
11/7/2025,4,entertainment,27,0,,
11/7/2025,5,entertainment,27,0,,
11/7/2025,6,entertainment,27,0,,
11/7/2025,7,entertainment,27,0,,
11/7/2025,8,entertainment,31,4,,
11/7/2025,9,entertainment,42,11,,
11/7/2025,10,entertainment,43,1,,
11/7/2025,11,entertainment,48,5,,
11/7/2025,12,entertainment,78,30,,
11/7/2025,13,entertainment,102,24,,
11/7/2025,14,entertainment,111,9,,
11/7/2025,15,entertainment,115,4,,
11/7/2025,16,entertainment,128,13,,
11/7/2025,17,entertainment,153,25,,
11/7/2025,18,entertainment,155,2,,
11/7/2025,19,entertainment,155,0,,
11/7/2025,20,entertainment,155,0,,
11/7/2025,21,entertainment,155,0,,
11/7/2025,22,entertainment,155,0,,
11/7/2025,23,entertainment,155,0,,
11/7/2025,0,others,0,0,,
11/7/2025,1,others,0,0,,
11/7/2025,2,others,0,0,,
11/7/2025,3,others,0,0,,
11/7/2025,4,others,0,0,,
11/7/2025,5,others,0,0,,
11/7/2025,6,others,0,0,,
11/7/2025,7,others,8,8,,
11/7/2025,8,others,17,9,,
11/7/2025,9,others,17,0,,
11/7/2025,10,others,17,0,,
11/7/2025,11,others,17,0,,
11/7/2025,12,others,17,0,,
11/7/2025,13,others,17,0,,
11/7/2025,14,others,20,3,,
11/7/2025,15,others,53,33,,
11/7/2025,16,others,53,0,,
11/7/2025,17,others,53,0,,
11/7/2025,18,others,53,0,,
11/7/2025,19,others,78,25,,
11/7/2025,20,others,81,3,,
11/7/2025,21,others,85,4,,
11/7/2025,22,others,85,0,,
11/7/2025,23,others,85,0,,
11/8/2025,0,social,0,0,,
11/8/2025,1,social,6,6,,
11/8/2025,2,social,6,0,,
11/8/2025,3,social,6,0,,
11/8/2025,4,social,6,0,,
11/8/2025,5,social,6,0,,
11/8/2025,6,social,6,0,,
11/8/2025,7,social,6,0,,
11/8/2025,8,social,6,0,,
11/8/2025,9,social,6,0,,
11/8/2025,10,social,6,0,,
11/8/2025,11,social,7,1,,
11/8/2025,12,social,9,2,,
11/8/2025,13,social,13,4,,
11/8/2025,14,social,14,1,,
11/8/2025,15,social,19,5,,
11/8/2025,16,social,22,3,,
11/8/2025,17,social,27,5,,
11/8/2025,18,social,27,0,,
11/8/2025,19,social,30,3,,
11/8/2025,20,social,30,0,,
11/8/2025,21,social,40,10,,
11/8/2025,22,social,72,32,,
11/8/2025,23,social,72,0,,
11/8/2025,0,entertainment,5,5,,
11/8/2025,1,entertainment,9,4,,
11/8/2025,2,entertainment,9,0,,
11/8/2025,3,entertainment,9,0,,
11/8/2025,4,entertainment,9,0,,
11/8/2025,5,entertainment,9,0,,
11/8/2025,6,entertainment,9,0,,
11/8/2025,7,entertainment,36,27,,
11/8/2025,8,entertainment,39,3,,
11/8/2025,9,entertainment,53,14,,
11/8/2025,10,entertainment,58,5,,
11/8/2025,11,entertainment,58,0,,
11/8/2025,12,entertainment,61,3,,
11/8/2025,13,entertainment,68,7,,
11/8/2025,14,entertainment,79,11,,
11/8/2025,15,entertainment,82,3,,
11/8/2025,16,entertainment,107,25,,
11/8/2025,17,entertainment,108,1,,
11/8/2025,18,entertainment,120,12,,
11/8/2025,19,entertainment,130,10,,
11/8/2025,20,entertainment,156,26,,
11/8/2025,21,entertainment,169,13,,
11/8/2025,22,entertainment,201,32,,
11/8/2025,23,entertainment,216,15,,
11/8/2025,0,others,0,0,,
11/8/2025,1,others,0,0,,
11/8/2025,2,others,0,0,,
11/8/2025,3,others,0,0,,
11/8/2025,4,others,0,0,,
11/8/2025,5,others,49,49,,
11/8/2025,6,others,79,30,,
11/8/2025,7,others,79,0,,
11/8/2025,8,others,79,0,,
11/8/2025,9,others,79,0,,
11/8/2025,10,others,79,0,,
11/8/2025,11,others,79,0,,
11/8/2025,12,others,79,0,,
11/8/2025,13,others,79,0,,
11/8/2025,14,others,79,0,,
11/8/2025,15,others,79,0,,
11/8/2025,16,others,79,0,,
11/8/2025,17,others,79,0,,
11/8/2025,18,others,79,0,,
11/8/2025,19,others,79,0,,
11/8/2025,20,others,79,0,,
11/8/2025,21,others,79,0,,
11/8/2025,22,others,79,0,,
11/8/2025,23,others,79,0,,
11/9/2025,0,social,0,0,,
11/9/2025,1,social,0,0,,
11/9/2025,2,social,0,0,,
11/9/2025,3,social,0,0,,
11/9/2025,4,social,0,0,,
11/9/2025,5,social,0,0,,
11/9/2025,6,social,0,0,,
11/9/2025,7,social,0,0,,
11/9/2025,8,social,9,9,,
11/9/2025,9,social,9,0,,
11/9/2025,10,social,15,6,,
11/9/2025,11,social,17,2,,
11/9/2025,12,social,24,7,,
11/9/2025,13,social,32,8,,
11/9/2025,14,social,32,0,,
11/9/2025,15,social,32,0,,
11/9/2025,16,social,32,0,,
11/9/2025,17,social,33,1,,
11/9/2025,18,social,37,4,,
11/9/2025,19,social,97,60,,
11/9/2025,20,social,157,60,,
11/9/2025,21,social,214,57,,
11/9/2025,22,social,227,13,,
11/9/2025,23,social,232,5,,
11/9/2025,0,entertainment,18,18,,
11/9/2025,1,entertainment,18,0,,
11/9/2025,2,entertainment,18,0,,
11/9/2025,3,entertainment,18,0,,
11/9/2025,4,entertainment,18,0,,
11/9/2025,5,entertainment,18,0,,
11/9/2025,6,entertainment,18,0,,
11/9/2025,7,entertainment,18,0,,
11/9/2025,8,entertainment,37,19,,
11/9/2025,9,entertainment,40,3,,
11/9/2025,10,entertainment,73,33,,
11/9/2025,11,entertainment,83,10,,
11/9/2025,12,entertainment,89,6,,
11/9/2025,13,entertainment,98,9,,
11/9/2025,14,entertainment,141,43,,
11/9/2025,15,entertainment,142,1,,
11/9/2025,16,entertainment,144,2,,
11/9/2025,17,entertainment,186,42,,
11/9/2025,18,entertainment,186,0,,
11/9/2025,19,entertainment,186,0,,
11/9/2025,20,entertainment,186,0,,
11/9/2025,21,entertainment,186,0,,
11/9/2025,22,entertainment,188,2,,
11/9/2025,23,entertainment,230,42,,
11/9/2025,0,others,0,0,,
11/9/2025,1,others,0,0,,
11/9/2025,2,others,0,0,,
11/9/2025,3,others,0,0,,
11/9/2025,4,others,0,0,,
11/9/2025,5,others,0,0,,
11/9/2025,6,others,0,0,,
11/9/2025,7,others,0,0,,
11/9/2025,8,others,0,0,,
11/9/2025,9,others,0,0,,
11/9/2025,10,others,0,0,,
11/9/2025,11,others,0,0,,
11/9/2025,12,others,0,0,,
11/9/2025,13,others,0,0,,
11/9/2025,14,others,0,0,,
11/9/2025,15,others,0,0,,
11/9/2025,16,others,0,0,,
11/9/2025,17,others,0,0,,
11/9/2025,18,others,0,0,,
11/9/2025,19,others,0,0,,
11/9/2025,20,others,0,0,,
11/9/2025,21,others,0,0,,
11/9/2025,22,others,0,0,,
11/9/2025,23,others,0,0,,
11/10/2025,0,social,16,16,,
11/10/2025,1,social,16,0,,
11/10/2025,2,social,21,5,,
11/10/2025,3,social,21,0,,
11/10/2025,4,social,21,0,,
11/10/2025,5,social,21,0,,
11/10/2025,6,social,21,0,,
11/10/2025,7,social,21,0,,
11/10/2025,8,social,21,0,,
11/10/2025,9,social,21,0,,
11/10/2025,10,social,21,0,,
11/10/2025,11,social,21,0,,
11/10/2025,12,social,21,0,,
11/10/2025,13,social,35,14,,
11/10/2025,14,social,37,2,,
11/10/2025,15,social,45,8,,
11/10/2025,16,social,46,1,,
11/10/2025,17,social,46,0,,
11/10/2025,18,social,46,0,,
11/10/2025,19,social,50,4,,
11/10/2025,20,social,72,22,,
11/10/2025,21,social,72,0,,
11/10/2025,22,social,72,0,,
11/10/2025,23,social,72,0,,
11/10/2025,0,entertainment,9,9,,
11/10/2025,1,entertainment,9,0,,
11/10/2025,2,entertainment,23,14,,
11/10/2025,3,entertainment,26,3,,
11/10/2025,4,entertainment,26,0,,
11/10/2025,5,entertainment,26,0,,
11/10/2025,6,entertainment,26,0,,
11/10/2025,7,entertainment,26,0,,
11/10/2025,8,entertainment,44,18,,
11/10/2025,9,entertainment,55,11,,
11/10/2025,10,entertainment,95,40,,
11/10/2025,11,entertainment,132,37,,
11/10/2025,12,entertainment,132,0,,
11/10/2025,13,entertainment,135,3,,
11/10/2025,14,entertainment,137,2,,
11/10/2025,15,entertainment,158,21,,
11/10/2025,16,entertainment,160,2,,
11/10/2025,17,entertainment,161,1,,
11/10/2025,18,entertainment,174,13,,
11/10/2025,19,entertainment,177,3,,
11/10/2025,20,entertainment,186,9,,
11/10/2025,21,entertainment,206,20,,
11/10/2025,22,entertainment,206,0,,
11/10/2025,23,entertainment,206,0,,
11/10/2025,0,others,0,0,,
11/10/2025,1,others,0,0,,
11/10/2025,2,others,0,0,,
11/10/2025,3,others,0,0,,
11/10/2025,4,others,0,0,,
11/10/2025,5,others,0,0,,
11/10/2025,6,others,0,0,,
11/10/2025,7,others,0,0,,
11/10/2025,8,others,0,0,,
11/10/2025,9,others,3,3,,
11/10/2025,10,others,4,1,,
11/10/2025,11,others,4,0,,
11/10/2025,12,others,4,0,,
11/10/2025,13,others,4,0,,
11/10/2025,14,others,4,0,,
11/10/2025,15,others,4,0,,
11/10/2025,16,others,4,0,,
11/10/2025,17,others,10,6,,
11/10/2025,18,others,10,0,,
11/10/2025,19,others,10,0,,
11/10/2025,20,others,10,0,,
11/10/2025,21,others,10,0,,
11/10/2025,22,others,10,0,,
11/10/2025,23,others,10,0,,
11/11/2025,0,social,0,0,,
11/11/2025,1,social,0,0,,
11/11/2025,2,social,0,0,,
11/11/2025,3,social,0,0,,
11/11/2025,4,social,0,0,,
11/11/2025,5,social,0,0,,
11/11/2025,6,social,0,0,,
11/11/2025,7,social,0,0,,
11/11/2025,8,social,0,0,,
11/11/2025,9,social,16,16,,
11/11/2025,10,social,16,0,,
11/11/2025,11,social,24,8,,
11/11/2025,12,social,24,0,,
11/11/2025,13,social,28,4,,
11/11/2025,14,social,29,1,,
11/11/2025,15,social,29,0,,
11/11/2025,16,social,29,0,,
11/11/2025,17,social,29,0,,
11/11/2025,18,social,35,6,,
11/11/2025,19,social,43,8,,
11/11/2025,20,social,43,0,,
11/11/2025,21,social,43,0,,
11/11/2025,22,social,100,57,,
11/11/2025,23,social,134,34,,
11/11/2025,0,entertainment,0,0,,
11/11/2025,1,entertainment,0,0,,
11/11/2025,2,entertainment,0,0,,
11/11/2025,3,entertainment,0,0,,
11/11/2025,4,entertainment,0,0,,
11/11/2025,5,entertainment,0,0,,
11/11/2025,6,entertainment,17,17,,
11/11/2025,7,entertainment,62,45,,
11/11/2025,8,entertainment,82,20,,
11/11/2025,9,entertainment,91,9,,
11/11/2025,10,entertainment,149,58,,
11/11/2025,11,entertainment,201,52,,
11/11/2025,12,entertainment,201,0,,
11/11/2025,13,entertainment,228,27,,
11/11/2025,14,entertainment,235,7,,
11/11/2025,15,entertainment,257,22,,
11/11/2025,16,entertainment,281,24,,
11/11/2025,17,entertainment,307,26,,
11/11/2025,18,entertainment,307,0,,
11/11/2025,19,entertainment,311,4,,
11/11/2025,20,entertainment,335,24,,
11/11/2025,21,entertainment,335,0,,
11/11/2025,22,entertainment,336,1,,
11/11/2025,23,entertainment,355,19,,
11/11/2025,0,others,0,0,,
11/11/2025,1,others,0,0,,
11/11/2025,2,others,0,0,,
11/11/2025,3,others,0,0,,
11/11/2025,4,others,0,0,,
11/11/2025,5,others,0,0,,
11/11/2025,6,others,4,4,,
11/11/2025,7,others,4,0,,
11/11/2025,8,others,4,0,,
11/11/2025,9,others,4,0,,
11/11/2025,10,others,5,1,,
11/11/2025,11,others,5,0,,
11/11/2025,12,others,5,0,,
11/11/2025,13,others,5,0,,
11/11/2025,14,others,5,0,,
11/11/2025,15,others,5,0,,
11/11/2025,16,others,5,0,,
11/11/2025,17,others,5,0,,
11/11/2025,18,others,5,0,,
11/11/2025,19,others,5,0,,
11/11/2025,20,others,5,0,,
11/11/2025,21,others,5,0,,
11/11/2025,22,others,5,0,,
11/11/2025,23,others,5,0,,
11/12/2025,0,social,16,16,,
11/12/2025,1,social,16,0,,
11/12/2025,2,social,16,0,,
11/12/2025,3,social,16,0,,
11/12/2025,4,social,16,0,,
11/12/2025,5,social,16,0,,
11/12/2025,6,social,16,0,,
11/12/2025,7,social,16,0,,
11/12/2025,8,social,16,0,,
11/12/2025,9,social,16,0,,
11/12/2025,10,social,16,0,,
11/12/2025,11,social,17,1,,
11/12/2025,12,social,18,1,,
11/12/2025,13,social,29,11,,
11/12/2025,14,social,30,1,,
11/12/2025,15,social,30,0,,
11/12/2025,16,social,30,0,,
11/12/2025,17,social,36,6,,
11/12/2025,18,social,45,9,,
11/12/2025,19,social,45,0,,
11/12/2025,20,social,45,0,,
11/12/2025,21,social,45,0,,
11/12/2025,22,social,45,0,,
11/12/2025,23,social,45,0,,
11/12/2025,0,entertainment,8,8,,
11/12/2025,1,entertainment,8,0,,
11/12/2025,2,entertainment,8,0,,
11/12/2025,3,entertainment,8,0,,
11/12/2025,4,entertainment,13,5,,
11/12/2025,5,entertainment,13,0,,
11/12/2025,6,entertainment,13,0,,
11/12/2025,7,entertainment,29,16,,
11/12/2025,8,entertainment,65,36,,
11/12/2025,9,entertainment,87,22,,
11/12/2025,10,entertainment,104,17,,
11/12/2025,11,entertainment,114,10,,
11/12/2025,12,entertainment,137,23,,
11/12/2025,13,entertainment,146,9,,
11/12/2025,14,entertainment,148,2,,
11/12/2025,15,entertainment,148,0,,
11/12/2025,16,entertainment,148,0,,
11/12/2025,17,entertainment,150,2,,
11/12/2025,18,entertainment,150,0,,
11/12/2025,19,entertainment,150,0,,
11/12/2025,20,entertainment,150,0,,
11/12/2025,21,entertainment,165,15,,
11/12/2025,22,entertainment,190,25,,
11/12/2025,23,entertainment,200,10,,
11/12/2025,0,others,0,0,,
11/12/2025,1,others,0,0,,
11/12/2025,2,others,0,0,,
11/12/2025,3,others,0,0,,
11/12/2025,4,others,0,0,,
11/12/2025,5,others,24,24,,
11/12/2025,6,others,24,0,,
11/12/2025,7,others,24,0,,
11/12/2025,8,others,24,0,,
11/12/2025,9,others,24,0,,
11/12/2025,10,others,24,0,,
11/12/2025,11,others,24,0,,
11/12/2025,12,others,24,0,,
11/12/2025,13,others,24,0,,
11/12/2025,14,others,24,0,,
11/12/2025,15,others,24,0,,
11/12/2025,16,others,24,0,,
11/12/2025,17,others,29,5,,
11/12/2025,18,others,37,8,,
11/12/2025,19,others,37,0,,
11/12/2025,20,others,37,0,,
11/12/2025,21,others,37,0,,
11/12/2025,22,others,37,0,,
11/12/2025,23,others,37,0,,
11/13/2025,0,social,10,10,,
11/13/2025,1,social,10,0,,
11/13/2025,2,social,10,0,,
11/13/2025,3,social,10,0,,
11/13/2025,4,social,10,0,,
11/13/2025,5,social,10,0,,
11/13/2025,6,social,10,0,,
11/13/2025,7,social,10,0,,
11/13/2025,8,social,10,0,,
11/13/2025,9,social,10,0,,
11/13/2025,10,social,10,0,,
11/13/2025,11,social,10,0,,
11/13/2025,12,social,10,0,,
11/13/2025,13,social,10,0,,
11/13/2025,14,social,17,7,,
11/13/2025,15,social,19,2,,
11/13/2025,16,social,19,0,,
11/13/2025,17,social,19,0,,
11/13/2025,18,social,24,5,,
11/13/2025,19,social,24,0,,
11/13/2025,20,social,24,0,,
11/13/2025,21,social,24,0,,
11/13/2025,22,social,24,0,,
11/13/2025,23,social,24,0,,
11/13/2025,0,entertainment,25,25,,
11/13/2025,1,entertainment,27,2,,
11/13/2025,2,entertainment,27,0,,
11/13/2025,3,entertainment,27,0,,
11/13/2025,4,entertainment,27,0,,
11/13/2025,5,entertainment,27,0,,
11/13/2025,6,entertainment,27,0,,
11/13/2025,7,entertainment,27,0,,
11/13/2025,8,entertainment,46,19,,
11/13/2025,9,entertainment,54,8,,
11/13/2025,10,entertainment,68,14,,
11/13/2025,11,entertainment,98,30,,
11/13/2025,12,entertainment,98,0,,
11/13/2025,13,entertainment,134,36,,
11/13/2025,14,entertainment,157,23,,
11/13/2025,15,entertainment,157,0,,
11/13/2025,16,entertainment,188,31,,
11/13/2025,17,entertainment,213,25,,
11/13/2025,18,entertainment,213,0,,
11/13/2025,19,entertainment,213,0,,
11/13/2025,20,entertainment,227,14,,
11/13/2025,21,entertainment,231,4,,
11/13/2025,22,entertainment,232,1,,
11/13/2025,23,entertainment,267,35,,
11/13/2025,0,others,0,0,,
11/13/2025,1,others,8,8,,
11/13/2025,2,others,8,0,,
11/13/2025,3,others,8,0,,
11/13/2025,4,others,8,0,,
11/13/2025,5,others,8,0,,
11/13/2025,6,others,8,0,,
11/13/2025,7,others,8,0,,
11/13/2025,8,others,13,5,,
11/13/2025,9,others,13,0,,
11/13/2025,10,others,14,1,,
11/13/2025,11,others,14,0,,
11/13/2025,12,others,16,2,,
11/13/2025,13,others,18,2,,
11/13/2025,14,others,19,1,,
11/13/2025,15,others,22,3,,
11/13/2025,16,others,22,0,,
11/13/2025,17,others,22,0,,
11/13/2025,18,others,22,0,,
11/13/2025,19,others,23,1,,
11/13/2025,20,others,25,2,,
11/13/2025,21,others,59,34,,
11/13/2025,22,others,59,0,,
11/13/2025,23,others,59,0,,
11/14/2025,0,social,0,0,,
11/14/2025,1,social,0,0,,
11/14/2025,2,social,0,0,,
11/14/2025,3,social,0,0,,
11/14/2025,4,social,0,0,,
11/14/2025,5,social,0,0,,
11/14/2025,6,social,0,0,,
11/14/2025,7,social,0,0,,
11/14/2025,8,social,0,0,,
11/14/2025,9,social,0,0,,
11/14/2025,10,social,0,0,,
11/14/2025,11,social,0,0,,
11/14/2025,12,social,0,0,,
11/14/2025,13,social,8,8,,
11/14/2025,14,social,8,0,,
11/14/2025,15,social,8,0,,
11/14/2025,16,social,8,0,,
11/14/2025,17,social,8,0,,
11/14/2025,18,social,14,6,,
11/14/2025,19,social,14,0,,
11/14/2025,20,social,14,0,,
11/14/2025,21,social,14,0,,
11/14/2025,22,social,14,0,,
11/14/2025,23,social,14,0,,
11/14/2025,0,entertainment,8,8,,
11/14/2025,1,entertainment,16,8,,
11/14/2025,2,entertainment,17,1,,
11/14/2025,3,entertainment,17,0,,
11/14/2025,4,entertainment,17,0,,
11/14/2025,5,entertainment,17,0,,
11/14/2025,6,entertainment,17,0,,
11/14/2025,7,entertainment,24,7,,
11/14/2025,8,entertainment,34,10,,
11/14/2025,9,entertainment,36,2,,
11/14/2025,10,entertainment,62,26,,
11/14/2025,11,entertainment,89,27,,
11/14/2025,12,entertainment,100,11,,
11/14/2025,13,entertainment,100,0,,
11/14/2025,14,entertainment,100,0,,
11/14/2025,15,entertainment,100,0,,
11/14/2025,16,entertainment,100,0,,
11/14/2025,17,entertainment,102,2,,
11/14/2025,18,entertainment,118,16,,
11/14/2025,19,entertainment,132,14,,
11/14/2025,20,entertainment,156,24,,
11/14/2025,21,entertainment,156,0,,
11/14/2025,22,entertainment,157,1,,
11/14/2025,23,entertainment,183,26,,
11/14/2025,0,others,0,0,,
11/14/2025,1,others,0,0,,
11/14/2025,2,others,0,0,,
11/14/2025,3,others,0,0,,
11/14/2025,4,others,0,0,,
11/14/2025,5,others,0,0,,
11/14/2025,6,others,0,0,,
11/14/2025,7,others,25,25,,
11/14/2025,8,others,58,33,,
11/14/2025,9,others,58,0,,
11/14/2025,10,others,58,0,,
11/14/2025,11,others,58,0,,
11/14/2025,12,others,58,0,,
11/14/2025,13,others,58,0,,
11/14/2025,14,others,58,0,,
11/14/2025,15,others,58,0,,
11/14/2025,16,others,58,0,,
11/14/2025,17,others,58,0,,
11/14/2025,18,others,58,0,,
11/14/2025,19,others,58,0,,
11/14/2025,20,others,58,0,,
11/14/2025,21,others,58,0,,
11/14/2025,22,others,58,0,,
11/14/2025,23,others,58,0,,
11/15/2025,0,social,12,12,,
11/15/2025,1,social,12,0,,
11/15/2025,2,social,12,0,,
11/15/2025,3,social,27,15,,
11/15/2025,4,social,27,0,,
11/15/2025,5,social,27,0,,
11/15/2025,6,social,27,0,,
11/15/2025,7,social,27,0,,
11/15/2025,8,social,27,0,,
11/15/2025,9,social,27,0,,
11/15/2025,10,social,27,0,,
11/15/2025,11,social,27,0,,
11/15/2025,12,social,27,0,,
11/15/2025,13,social,27,0,,
11/15/2025,14,social,27,0,,
11/15/2025,15,social,27,0,,
11/15/2025,16,social,27,0,,
11/15/2025,17,social,27,0,,
11/15/2025,18,social,27,0,,
11/15/2025,19,social,27,0,,
11/15/2025,20,social,27,0,,
11/15/2025,21,social,27,0,,
11/15/2025,22,social,27,0,,
11/15/2025,23,social,27,0,,
11/15/2025,0,entertainment,48,48,,
11/15/2025,1,entertainment,85,37,,
11/15/2025,2,entertainment,85,0,,
11/15/2025,3,entertainment,117,32,,
11/15/2025,4,entertainment,117,0,,
11/15/2025,5,entertainment,117,0,,
11/15/2025,6,entertainment,117,0,,
11/15/2025,7,entertainment,117,0,,
11/15/2025,8,entertainment,117,0,,
11/15/2025,9,entertainment,118,1,,
11/15/2025,10,entertainment,142,24,,
11/15/2025,11,entertainment,149,7,,
11/15/2025,12,entertainment,168,19,,
11/15/2025,13,entertainment,185,17,,
11/15/2025,14,entertainment,191,6,,
11/15/2025,15,entertainment,233,42,,
11/15/2025,16,entertainment,241,8,,
11/15/2025,17,entertainment,241,0,,
11/15/2025,18,entertainment,241,0,,
11/15/2025,19,entertainment,241,0,,
11/15/2025,20,entertainment,241,0,,
11/15/2025,21,entertainment,241,0,,
11/15/2025,22,entertainment,241,0,,
11/15/2025,23,entertainment,241,0,,
11/15/2025,0,others,0,0,,
11/15/2025,1,others,0,0,,
11/15/2025,2,others,0,0,,
11/15/2025,3,others,0,0,,
11/15/2025,4,others,0,0,,
11/15/2025,5,others,0,0,,
11/15/2025,6,others,0,0,,
11/15/2025,7,others,0,0,,
11/15/2025,8,others,11,11,,
11/15/2025,9,others,49,38,,
11/15/2025,10,others,49,0,,
11/15/2025,11,others,49,0,,
11/15/2025,12,others,49,0,,
11/15/2025,13,others,49,0,,
11/15/2025,14,others,49,0,,
11/15/2025,15,others,76,27,,
11/15/2025,16,others,76,0,,
11/15/2025,17,others,76,0,,
11/15/2025,18,others,76,0,,
11/15/2025,19,others,76,0,,
11/15/2025,20,others,76,0,,
11/15/2025,21,others,76,0,,
11/15/2025,22,others,76,0,,
11/15/2025,23,others,76,0,,